[{"county_name":null,"description":null,"feat_class":"Civil","feature_id":"37736","fips_class":"H1","fips_county_cd":"1","full_county_name":null,"link_title":null,"url":"http:\/\/gov.allconet.org\/","name":"Allegany County","primary_latitude":"39.66","primary_longitude":"-78.66","state_abbreviation":"MD","state_name":"Maryland"},{"county_name":null,"description":null,"feat_class":"Civil","feature_id":"37737","fips_class":"H1","fips_county_cd":"3","full_county_name":null,"link_title":null,"url":"http:\/\/www.aacounty.org\/","name":"Anne Arundel County","primary_latitude":"39","primary_longitude":"-76.61","state_abbreviation":"MD","state_name":"Maryland"},{"county_name":null,"description":null,"feat_class":"Civil","feature_id":"37738","fips_class":"H1","fips_county_cd":"5","full_county_name":null,"link_title":null,"url":"http:\/\/www.baltimorecountymd.gov\/","name":"Baltimore County","primary_latitude":"39.46","primary_longitude":"-76.64","state_abbreviation":"MD","state_name":"Maryland"},{"county_name":null,"description":null,"feat_class":"Civil","feature_id":"37739","fips_class":"H1","fips_county_cd":"9","full_county_name":null,"link_title":null,"url":"http:\/\/www.co.cal.md.us\/","name":"Calvert County","primary_latitude":"38.55","primary_longitude":"-76.58","state_abbreviation":"MD","state_name":"Maryland"},{"county_name":null,"description":null,"feat_class":"Civil","feature_id":"37740","fips_class":"H1","fips_county_cd":"11","full_county_name":null,"link_title":null,"url":"http:\/\/www.carolinemd.org\/","name":"Caroline County","primary_latitude":"38.86","primary_longitude":"-75.83","state_abbreviation":"MD","state_name":"Maryland"},{"county_name":null,"description":null,"feat_class":"Civil","feature_id":"37741","fips_class":"H1","fips_county_cd":"13","full_county_name":null,"link_title":null,"url":"http:\/\/ccgov.carr.org\/","name":"Carroll County","primary_latitude":"39.55","primary_longitude":"-77.01","state_abbreviation":"MD","state_name":"Maryland"},{"county_name":null,"description":null,"feat_class":"Civil","feature_id":"37742","fips_class":"H1","fips_county_cd":"15","full_county_name":null,"link_title":null,"url":"http:\/\/www.ccgov.org\/","name":"Cecil County","primary_latitude":"39.56","primary_longitude":"-75.94","state_abbreviation":"MD","state_name":"Maryland"},{"county_name":null,"description":null,"feat_class":"Civil","feature_id":"37743","fips_class":"H1","fips_county_cd":"17","full_county_name":null,"link_title":null,"url":"http:\/\/www.charlescounty.org\/","name":"Charles County","primary_latitude":"38.48","primary_longitude":"-76.98","state_abbreviation":"MD","state_name":"Maryland"},{"county_name":null,"description":null,"feat_class":"Civil","feature_id":"37744","fips_class":"H1","fips_county_cd":"19","full_county_name":null,"link_title":null,"url":"http:\/\/www.docogonet.com\/","name":"Dorchester County","primary_latitude":"38.46","primary_longitude":"-75.99","state_abbreviation":"MD","state_name":"Maryland"},{"county_name":null,"description":null,"feat_class":"Civil","feature_id":"37745","fips_class":"H1","fips_county_cd":"21","full_county_name":null,"link_title":null,"url":"http:\/\/www.frederickcountymd.gov\/","name":"Frederick County","primary_latitude":"39.46","primary_longitude":"-77.39","state_abbreviation":"MD","state_name":"Maryland"},{"county_name":null,"description":null,"feat_class":"Civil","feature_id":"37746","fips_class":"H1","fips_county_cd":"23","full_county_name":null,"link_title":null,"url":"http:\/\/www.co.garrett.md.us\/","name":"Garrett County","primary_latitude":"39.55","primary_longitude":"-79.24","state_abbreviation":"MD","state_name":"Maryland"},{"county_name":null,"description":null,"feat_class":"Civil","feature_id":"37747","fips_class":"H1","fips_county_cd":"25","full_county_name":null,"link_title":null,"url":"http:\/\/www.harfordcountymd.gov\/","name":"Harford County","primary_latitude":"39.55","primary_longitude":"-76.29","state_abbreviation":"MD","state_name":"Maryland"},{"county_name":null,"description":null,"feat_class":"Civil","feature_id":"37748","fips_class":"H1","fips_county_cd":"27","full_county_name":null,"link_title":null,"url":"http:\/\/www.co.ho.md.us\/","name":"Howard County","primary_latitude":"39.25","primary_longitude":"-76.93","state_abbreviation":"MD","state_name":"Maryland"},{"county_name":null,"description":null,"feat_class":"Civil","feature_id":"37749","fips_class":"H1","fips_county_cd":"29","full_county_name":null,"link_title":null,"url":"http:\/\/www.kentcounty.com\/","name":"Kent County","primary_latitude":"39.3","primary_longitude":"-76.03","state_abbreviation":"MD","state_name":"Maryland"},{"county_name":null,"description":null,"feat_class":"Civil","feature_id":"37750","fips_class":"H1","fips_county_cd":"31","full_county_name":null,"link_title":null,"url":"http:\/\/www.montgomerycountymd.gov\/","name":"Montgomery County","primary_latitude":"39.15","primary_longitude":"-77.19","state_abbreviation":"MD","state_name":"Maryland"},{"county_name":null,"description":null,"feat_class":"Civil","feature_id":"37751","fips_class":"H1","fips_county_cd":"33","full_county_name":null,"link_title":null,"url":"http:\/\/www.princegeorgescountymd.gov\/","name":"Prince George's County","primary_latitude":"38.83","primary_longitude":"-76.84","state_abbreviation":"MD","state_name":"Maryland"},{"county_name":null,"description":null,"feat_class":"Civil","feature_id":"37752","fips_class":"H1","fips_county_cd":"35","full_county_name":null,"link_title":null,"url":"http:\/\/www.qac.org\/","name":"Queen Anne's County","primary_latitude":"39.06","primary_longitude":"-75.98","state_abbreviation":"MD","state_name":"Maryland"},{"county_name":null,"description":null,"feat_class":"Civil","feature_id":"37753","fips_class":"H1","fips_county_cd":"37","full_county_name":null,"link_title":null,"url":"http:\/\/www.co.saint-marys.md.us\/","name":"Saint Mary's County","primary_latitude":"38.3","primary_longitude":"-76.61","state_abbreviation":"MD","state_name":"Maryland"},{"county_name":null,"description":null,"feat_class":"Civil","feature_id":"37755","fips_class":"H1","fips_county_cd":"41","full_county_name":null,"link_title":null,"url":"http:\/\/www.talbotcountymd.gov\/","name":"Talbot County","primary_latitude":"38.76","primary_longitude":"-76.08","state_abbreviation":"MD","state_name":"Maryland"},{"county_name":null,"description":null,"feat_class":"Civil","feature_id":"37756","fips_class":"H1","fips_county_cd":"43","full_county_name":null,"link_title":null,"url":"http:\/\/www.washco-md.net\/","name":"Washington County","primary_latitude":"39.61","primary_longitude":"-77.76","state_abbreviation":"MD","state_name":"Maryland"},{"county_name":null,"description":null,"feat_class":"Civil","feature_id":"37757","fips_class":"H1","fips_county_cd":"45","full_county_name":null,"link_title":null,"url":"http:\/\/www.wicomicocounty.org\/","name":"Wicomico County","primary_latitude":"38.36","primary_longitude":"-75.59","state_abbreviation":"MD","state_name":"Maryland"},{"county_name":null,"description":null,"feat_class":"Civil","feature_id":"37758","fips_class":"H1","fips_county_cd":"47","full_county_name":null,"link_title":null,"url":"http:\/\/www.co.worcester.md.us\/","name":"Worcester County","primary_latitude":"38.2","primary_longitude":"-75.38","state_abbreviation":"MD","state_name":"Maryland"}]